"Polska";"Austria";"Belgia";"Czechy";"Dania";"Finlandia";"Francja";"Niemcy";"Grecja";"Wegry";"Irlandia";"Wlochy";"Luksemburg";"Holandia";"Portugalia";"Slowacja";"Hiszpania";"Szwecja";"Wielka Brytania";"Estonia";"Slowenia";"Lotwa";"Litwa";"OECD"
13.29908;8.499076;14.21451;17.85714;14.64855;15.4696;13.01836;15.97357;17.63726;18.06333;13.05518;10.75456;19.58672;16.47118;1.041327;62.43928;14.14512;7.636632;9.7;7.361111;18.90758;6.660681;17.93992;16.61304
13.55942;9.61769;14.29921;18.91892;13.71406;13.27559;12.94382;11.41052;15.39209;17.66573;14.06148;11.36432;18.2722;17.82886;7.008163;67.04307;15.2684;7.669219;7.3;5.899946;26.1533;6.932129;19.52213;15.04156
14.1051;11.97696;15.01441;16.59676;10.85734;12.57402;14.13354;13.45525;14.51957;16.72367;13.56147;12.60086;19.99617;19.92182;7.64658;25.45197;10.96681;6.710821;6.6;8.523797;26.9695;5.642534;17.29459;14.35181
12.52238;12.53874;14.17432;12.77713;8.736855;9.228171;11.16005;14.81564;21.07998;16.96206;13.91626;11.69786;21.25747;17.99724;8.404043;24.11932;13.17198;6.996164;4.7;10.08247;28.00164;5.595555;17.05197;13.27554
9.373144;5.561949;4.675448;1.928375;3.400214;1.036431;0.5778696;10.57021;4.485463;9.430347;1.845238;7.394583;6.857512;10.34024;10.72316;14.77442;4.360222;5.80324;-0.4;9.780078;20.80906;3.382567;1.31104;9.124805
7.139413;5.212686;5.384676;0.422833;3.34441;2.320379;2.183685;12.15746;4.474474;7.667366;0.2293578;4.971721;4.555397;8.286302;4.244795;13.92977;3.243369;10.77635;-1.4;10.78306;18.32198;1.394542;1.151333;9.747722
6.430117;-0.8421535;-0.3374116;0.2055499;0.9886714;-3.089167;-2.964146;4.561846;-0.2057943;3.089841;-3.794643;-1.046371;-2.417765;4.116916;3.248516;12.01547;-1.701428;8.062906;-2.7;7.581764;10.67427;1.105845;1.248871;3.558964
4.946594;-7.025094;-6.732938;-1.810657;-1.762608;-7.134164;-6.438847;-2.000572;-13.115;-1.77555;-8.324325;-4.612925;-13.32464;1.056922;2.517853;10.35663;-9.135477;3.629131;-6.1;2.875785;2.355782;-1.163566;-3.491793;-3.309823
4.430165;-4.01361;-3.49191;3.189189;1.016395;-3.619459;-3.144176;-0.4663904;-4.511554;-0.03037841;0.1753361;-4.993064;-8.248313;-0.4977851;-2.14736;1.761567;-3.024827;4.493387;-2.9;1.720481;3.982564;-1.643349;1.402441;-4.715333
3.797511;-3.785807;-5.367798;0.7368421;1.245292;-3.076973;-4.016692;-1.478256;-2.867309;0.6470675;3.203661;-4.29049;-6.606133;0.6200041;1.275602;-0.3985794;-3.084642;0.3640832;-1.4;7.415991;4.079955;-0.05204074;1.429154;-3.976832
3.87853;-2.597488;-3.703299;-2.205128;1.539959;-0.6435611;-2.380842;0.0352233;0.5160722;4.14375;4.11833;-1.832856;-4.527956;2.433555;2.417516;0.722438;-0.8675053;0.9227561;-1.6;7.369875;3.212826;0.2604167;0.29627;-0.6461822
4.372876;0.9836289;0.245602;-0.4214963;4.687623;3.977474;2.01945;3.787777;6.077059;5.463849;6.426887;0.4834303;3.039477;5.519062;3.235344;1.32896;4.070517;5.525586;2.7;9.866103;5.553076;1.447211;3.663854;5.432277
6.388083;3.98527;4.32954;-0.5238345;5.693076;11.98519;7.610381;7.773624;12.54677;7.30851;7.584598;5.240256;9.614489;7.313042;7.974924;19.8494;6.092933;17.81016;5;10.56534;6.751779;3.755551;3.752309;12.62997
4.564569;-0.1556315;-2.788298;-0.1567398;-0.04382741;2.359951;0.7692211;1.884809;-0.730496;3.323262;3.603104;3.241078;1.248401;2.429728;6.092258;17.12674;-0.5620065;12.17399;1.5;1.100324;2.096755;2.78191;0.6241851;6.145697
3.289515;0.3732103;-1.31029;-0.4195071;-0.6629479;3.592875;1.150895;3.109647;1.316514;5.029274;2.172702;2.623515;0.9227445;3.482278;3.463861;20.74627;0.297583;12.19181;2;-1.222651;2.875244;4.022264;0.7884259;6.641817
3.363797;-0.3538928;-0.6515577;-0.2645503;-1.395985;1.672514;-0.2033307;3.290783;2.152471;6.412082;2.99169;1.54766;-1.395283;3.42162;2.252932;21.68819;-0.2558722;11.35073;2.4;-0.2779559;2.30128;5.240594;-0.8027462;4.166227
3.189451;-0.0926692;-2.932764;2.843602;-3.252297;-2.857597;-2.543341;-1.73649;-3.457417;8.2666;2.711497;-0.9298182;-0.5679248;2.147264;1.061856;13.82257;-2.230758;0.7439018;1.6;-1.026823;1.755221;7.108661;-1.07313;1.314126
5.700397;6.482328;7.314642;2.930403;2.32554;4.453215;5.232576;5.049292;9.202848;12.66363;6.581059;1.338099;8.099269;7.407479;3.657301;16.14293;5.04321;4.605378;6.1;8.642766;5.512233;10.8337;2.895153;7.849676
5.527261;8.031368;9.715399;3.475513;4.879084;5.197512;6.888624;6.184308;7.504974;9.895378;11.34133;3.205302;11.12034;6.612115;7.021543;13.81953;7.029278;5.63091;7.1;11.7481;8.491237;11.36477;3.903364;7.84329
5.985301;11.32758;12.45164;6.312997;6.208184;8.660546;10.56646;6.962558;11.71398;9.824512;13.01775;5.656339;17.74476;6.945376;9.720309;13.47815;9.688769;5.062088;10.2;13.6578;11.70809;12.07333;5.265422;11.82668
5.28572;8.509204;10.9229;2.201741;4.626245;3.817783;8.720954;6.521868;11.69011;6.445765;9.978881;5.870439;13.35091;9.883669;8.051575;7.661736;7.284884;1.150941;9.6;13.0849;10.46076;10.37553;5.762558;8.725687
4.935225;8.877094;11.0798;4.37214;6.629665;5.182079;9.253419;7.733478;14.27472;7.415292;11.04418;8.226607;13.86493;9.925578;8.047276;7.964216;8.188523;2.512688;9.5;10.90159;11.51481;9.800047;4.951171;9.015989
6.778718;12.3005;15.04044;8.854961;10.12234;9.974573;13.43873;12.12023;17.45576;8.946797;14.98531;10.32848;18.55787;13.7714;12.80337;9.057342;12.65787;6.225892;13;16.71201;14.6436;12.98932;8.797349;15.43316
5.944789;9.291584;8.970998;10.57884;8.865753;8.006604;9.814439;12.11294;13.29559;6.582075;14.37411;10.36773;15.34859;12.51058;10.4812;16.92408;10.15114;6.60165;11.8;13.31824;10.78753;15.23279;9.34431;14.29656
5.054169;9.961144;12.94428;13.17635;8.982166;10.15076;10.4299;13.29077;14.66544;5.167583;14.16227;10.46296;15.34432;10.52138;12.50559;16.83757;13.2707;7.647874;12.5;13.61168;11.94219;15.02193;9.675952;14.6083
6.594327;9.029422;11.61306;12.90794;8.671314;10.34868;10.66087;12.01372;12.04261;4.248941;11.98011;10.20945;15.63401;10.37804;12.24201;16.16815;12.87355;10.28603;17.8;11.548;11.92452;17.07044;9.031172;15.28495
5.208595;5.54481;4.184002;9.350163;4.14378;4.580615;5.046758;5.787908;9.848976;6.802683;6.856899;8.898443;9.148003;5.683734;6.76872;14.79785;6.331849;6.905617;16.2;5.677656;7.312545;12.76224;5.762596;8.458544
2.724185;0.9006111;3.012693;1.534296;0.106572;-0.9878297;-0.08824215;1.918939;0.245672;10.95283;0.5826051;3.114696;-0.5725191;3.91857;1.277974;7.906977;0.2731587;6.498855;12.1;2.59697;2.24226;6.378365;6.08086;0.001198715
3.726496;1.959525;-0.3495699;1.372289;0.7973328;-0.501537;-0.6228868;2.610929;-1.114183;16.24033;3.195963;1.597204;0.6765857;3.622936;2.06146;1.158504;-1.109898;2.325656;12.1;3.230059;0.1229489;7.568499;4.708469;1.437145
2.855246;1.271712;-3.171013;2.286454;-2.067653;-0.3098445;-1.093857;1.943252;1.075175;16.7361;3.431571;-0.2146043;-0.6022846;4.231448;2.175235;0.8698678;-1.10643;-2.151797;5.1;3.731343;2.599105;6.223337;5.869252;2.5784
2.490987;2.412951;-3.047838;2.736212;-1.747736;-0.3135082;-0.6713235;2.841102;-0.4018645;11.9569;3.54723;-1.595125;-0.7838187;1.339514;1.69854;0.832755;-0.3961499;-4.804912;0.6;8.760044;1.211126;8.398622;6.79512;0.9411833
5.542648;11.15716;7.338314;8.444445;3.43029;8.483583;8.626204;8.469892;14.88828;10.66189;8.522963;4.30893;10.71395;5.815594;8.321714;0.6551724;9.711516;-1.11043;4.5;15.64173;8.492371;19.0193;9.870624;11.39928
7.415953;12.72842;16.32125;12.70742;7.578078;16.77073;12.93494;9.417018;20.11948;11.62563;8.272208;8.895983;14.58262;3.52359;9.415305;3.886864;13.60486;7.848174;9.8;24.74457;13.25745;22.77014;18.17584;13.77989
8.198838;15.86524;26.56987;10.88148;9.758191;17.13749;16.19582;12.27906;18.37205;12.03318;9.679937;12.79579;18.94514;4.049711;10.11702;4.191101;16.37721;11.88044;16.1;26.72585;13.11569;32.28673;18.89148;15.60913
9.56188;13.95765;28.93982;11.27757;10.39049;18.67729;16.72711;13.31854;20.3741;14.09773;13.93379;14.96354;20.60834;10.08057;9.371666;5.041294;17.92009;18.82525;24.4;23.01898;15.86745;30.84742;20.46502;20.77621
7.54717;-0.6882707;10.6969;6.106557;2.961755;1.734139;0.8077525;3.107772;-4.233092;9.075445;3.354937;3.998905;0.3694651;0.03687378;-2.628408;5.173005;0.4107834;8.856484;17.6;18.8298;0.5677175;23.93132;14.69451;-0.3339604
6.259589;-10.03354;-4.841078;1.317319;-4.942775;-10.7862;-10.87134;-2.489011;-16.71396;2.721256;-5.758374;-4.406728;-14.68448;2.805231;-10.50596;3.173543;-9.696907;1.198469;5.6;0.3711287;-4.332778;17.08826;13.87006;-10.35965
5.78759;-12.97912;-17.24325;1.635603;-6.233087;-11.51977;-16.65159;-7.201632;-17.15616;1.073309;-9.003559;-9.653621;-19.51366;0.3322337;-11.4871;2.615461;-13.9627;-0.8753348;-1;-5.894432;-7.497566;5.195308;11.34421;-15.14748
5.633392;-11.90788;-20.0735;0.3365744;-6.646437;-11.44129;-16.1083;-9.229906;-14.09605;2.128571;-12.16216;-12.26348;-18.51725;-11.34615;-9.353046;2.129402;-12.14456;-5.981338;-3.9;-2.779086;-7.350382;-0.2611857;6.857666;-15.66612
5.789474;-2.454519;-12.27481;2.780997;-0.3532411;1.604136;-5.317348;-2.752828;4.5078;4.996247;-4.131317;-6.012147;-5.606524;-3.306061;0.8959289;1.775244;0.653349;-0.9685766;0.5;-1.546818;6.149767;-4.052962;3.161563;0.02047988
6.90153;7.020814;-0.5796255;4.16826;8.365043;11.49014;7.206136;1.853952;25.30017;10.38094;8.027157;0.2445213;9.045194;-6.124465;10.23925;-2.622632;11.72504;8.814587;7.3;11.51345;13.50421;-3.108066;5.278419;10.19689
6.345178;9.568651;10.5514;4.229042;9.921197;10.75602;11.87678;4.316628;33.78047;12.5353;10.75479;3.861254;12.79581;-5.625933;10.37535;-2.46814;14.59116;4.614476;8.2;16.60891;14.37895;3.773414;7.700866;9.204885
4.83559;6.357695;11.99823;4.435334;8.838149;9.128546;9.428376;3.812945;28.43613;9.724275;8.576923;4.42628;8.514482;4.561136;8.114009;-2.999198;10.56773;4.713241;4.2;10.24709;12.67404;10.03866;11.07181;5.332427
6.633499;7.430432;14.77068;5.4115;9.024137;11.27333;10.98247;6.073306;27.59075;10.52036;10.96576;6.154215;10.40917;5.468242;9.195133;-3.008481;13.31162;9.078465;4.8;11.10578;12.13892;11.12082;17.60189;6.753852
8.914101;11.67545;16.73937;7.011747;9.455323;17.19347;14.78744;9.784964;25.41626;10.42471;13.45656;9.883492;14.54089;7.277623;13.19849;8.462178;18.53179;6.562691;9.2;7.957923;11.38293;15.20362;12.0015;10.33542
8.432776;10.01969;16.7194;6.319569;9.200313;15.16462;12.4912;9.644626;15.22634;8.299325;11.1935;10.01766;12.85623;8.106308;11.67601;8.518028;16.11937;8.54788;10.1;5.382499;7.929321;12.83924;11.26332;13.91854
8.856089;10.91582;17.8969;6.923626;9.428451;14.33289;12.29839;10.70874;13.89001;7.179812;11.37088;11.48234;12.72682;9.048736;11.0073;9.887567;15.71509;6.91493;13.7;9.305647;6.718608;12.59253;12.63471;13.77794
10.21255;11.15344;16.19923;8.306596;8.442226;11.83144;10.9928;10.14158;12.72476;10.17759;11.96255;13.80514;11.54431;7.396403;14.97651;11.07078;12.83322;2.538074;15.9;10.08204;7.839333;13.42547;12.23186;10.68913
9.226191;6.979617;12.55704;9.15952;5.833338;6.224066;7.41271;7.384283;13.20596;10.95757;9.579668;15.82654;9.237081;8.367265;11.48643;9.258123;7.777219;0.7611068;9.4;13.19636;8.219839;13.37668;9.43044;7.21945
9.391049;4.041916;5.710122;7.97028;2.185751;3.205313;4.572133;4.940676;10.01441;10.28566;9.495078;15.46082;6.360831;6.575721;10.07958;7.605548;7.790166;-0.7949595;6.1;11.98036;8.608752;8.227062;7.897195;2.591245
8.014528;5.29623;4.409401;6.742323;3.729815;3.84171;5.357775;6.333749;11.22064;9.058083;9.891857;14.04827;7.398656;5.871762;11.51103;6.214264;11.04192;-0.2298987;3.6;9.950748;10.06825;7.087487;6.375763;3.011255
4.985889;3.298969;2.383936;4.871626;1.976874;3.130435;3.255747;4.314418;16.9308;4.706244;8.45463;11.77281;6.006577;7.164499;5.519405;4.857398;8.774913;0.5316654;1;7.383801;6.623134;6.552326;3.171336;3.746289
0.04541326;1.039261;-2.342952;2.074167;-0.09629436;0.1953125;1.75786;2.662246;10.82813;-2.249795;3.062742;4.447436;0.5971681;3.264737;1.535446;-0.4489338;4.76716;-2.659955;3.4;7.980913;4.246981;0.143091;1.670499;2.027567
-2.4592;-0.8920863;-3.875745;0.5630279;-0.9394432;-0.8953553;0.2550722;1.65246;7.423193;-6.553557;-0.6090487;-1.424891;-3.062752;1.041429;-1.047843;-0.6373938;-1.138358;-2.894176;3.2;6.613189;1.837138;-2.261354;-1.077615;0.8601533
-2.151984;-1.108269;-4.088504;0.1563477;-2.087289;-0.3337969;0.6509922;1.08762;7.940013;-5.105811;-0.260492;-1.219582;-2.777587;0.05617453;-1.28228;-0.4674883;-2.152416;-0.4342463;4.6;5.192431;1.416055;-3.499085;-3.342443;2.107557
-2.307348;-2.224123;-4.959583;-0.03138732;-0.7516512;-1.068016;0.2601131;0.1156345;0.4947633;-7.893568;-2.62707;-3.094239;-5.1883;-2.460515;-1.83003;-0.6941493;-1.10607;-1.544899;2.4;3.132134;1.36233;-3.859757;-2.085087;0.1202137
-1.29369;-2.142857;-3.696803;-4.956897;-0.7193635;-1.169591;-1.500289;-2.003745;-1.718362;-8.0011;-1.990767;-3.025799;-4.841739;-2.376527;-1.443354;-2.818489;-1.038132;-3.440463;1;-3.873148;-1.781785;-2.812648;-2.457949;0.8506542
-0.7792803;-0.6097561;-6.589962;-4.07465;1.390989;-0.7340485;-0.1826705;-0.82305;1.508488;-5.767301;-0.5544208;-1.669749;-3.093004;-0.3762824;0.1337146;-1.553813;2.386501;-1.011272;1.1;-3.910761;-0.1110152;-1.260496;-2.939578;2.99314
-0.5040092;-1.695402;-7.211635;-2.653762;0.08840265;-1.451298;-1.555121;-1.842655;0.07717992;-6.120006;-0.4352873;-3.538348;-4.061476;-1.317968;-0.8048378;-1.465984;-0.2091758;-2.006066;0.3;-3.980186;-1.657896;-1.161931;-4.620311;0.9200937
-1.857372;-3.674541;-7.346413;-2.982732;-1.776582;-3.607955;-2.665263;-3.744432;-7.024984;-7.39452;-2.844575;-3.584031;-6.524004;-2.324475;-3.429469;-1.326676;-4.289093;-4.114263;-1.9;-4.276607;-2.080765;-2.731846;-5.490026;-2.898245
-4.644746;-7.855784;-11.2514;-3.206997;-6.826696;-8.284863;-5.408663;-7.328595;-11.68468;-9.954249;-9.214012;-8.221167;-10.58392;-5.849194;-5.723577;-3.204756;-9.693029;-3.262666;-8.4;-6.499009;-6.618539;-2.023892;-13.44347;-11.40188
-3.280203;-5.443391;-5.637474;-1.750973;-6.057399;-3.653713;-2.984717;-5.580936;-9.35926;-6.117464;-5.897887;-6.205122;-6.820358;-3.988711;-1.818714;-2.867072;-6.436337;-3.343575;-6.5;-4.261131;-5.606323;-0.3264475;-10.1008;-9.993454
-3.983422;-7.931936;-3.628437;-3.046825;-6.873982;-6.017732;-5.132203;-7.666076;-10.91252;-7.581971;-8.248324;-6.741225;-10.17554;-5.944682;-3.643214;-3.813376;-9.737338;-6.145166;-7.7;-7.910218;-6.829993;-4.06041;-10.75373;-10.58224
-4.579439;-7.975853;-2.45401;-4.174757;-7.460434;-6.10231;-5.546982;-7.549826;-9.066323;-6.633126;-9.357079;-6.79129;-9.743128;-6.157964;-3.237963;-4.915426;-10.24727;-3.565212;-7.9;-9.473684;-7.779002;-4.600221;-12.67648;-10.14348
-5.136243;-7.574751;-1.625363;-2.643909;-5.078699;-5.082464;-5.782323;-7.683405;-5.244534;-5.601939;-7.879377;-5.282608;-10.29061;-6.802968;-2.893339;-2.741573;-13.09068;-2.257477;-5.7;-7.365275;-6.797734;-8.487972;-7.317066;-8.0006
-5.134942;-6.802721;0.3934923;-3.59736;-4.877264;-6.241915;-4.95453;-7.547751;-3.515282;-5.874092;-8.481447;-7.93623;-12.75219;-7.668903;-3.506446;-2.757901;-13.59573;-1.507909;-4.9;-6.980504;-6.380822;-9.818104;-8.886559;-7.583781
-4.052758;-4.094541;0.9945412;-3.274893;-4.43881;-4.952129;-2.125128;-5.485877;-1.638258;-5.076672;-7.02033;-5.51499;-8.886891;-6.183949;-2.636258;-3.393903;-8.733254;2.354088;-2.1;-3.911548;-4.432271;-7.123572;-8.058982;-5.759611
0.0244858;1.000345;3.119376;-0.6754475;0.6489135;1.650619;1.991875;-0.5512934;8.87362;1.700076;-1.098901;-2.741542;-1.650407;-1.622727;1.847207;-1.915767;1.606391;7.070085;3;2.791515;-0.8022121;-2.059557;-1.636539;0.9521542
5.744789;6.542056;12.34304;2.268821;3.856245;9.397163;10.04873;6.025646;13.41103;8.751754;7.567758;3.948334;7.199911;5.425401;6.623705;-3.897104;15.33579;8.26152;8.4;7.753148;6.850197;5.252588;4.189053;9.617962
3.046324;1.494612;8.072661;1.12975;0.3727772;5.174198;5.31394;2.307245;6.078686;2.701941;2.759796;6.12991;3.938482;2.552357;1.698171;-4.599111;7.931711;4.669931;5.8;4.876802;3.308297;3.664394;3.129252;5.515585
1.674581;0.5553627;5.727084;0.2051984;0.7266106;5.140674;3.789161;1.963096;4.384326;2.224098;1.571575;3.850331;2.558105;3.490775;2.359683;-3.357687;5.39398;6.049186;4.9;5.66636;2.320653;3.46583;4.915015;5.789769
3.48856466666667;2.86401023333333;6.962624;1.20125646666667;1.6518776;6.57067833333333;6.38394366666667;3.43199566666667;7.958014;4.55926433333333;3.96637633333333;4.64285833333333;4.56549933333333;3.82284433333333;3.56051966666667;-3.95130066666667;9.553827;6.326879;6.36666666666667;6.09877;4.15971566666667;4.127604;4.07777333333333;6.97443866666667
8.133087;0.08553259;-1.206259;-1.268116;2.47222;0.1190825;0.806275;-1.771275;1.887654;5.615884;1.876877;0.566394;0.8592159;-1.634663;0.3130823;6.075439;1.314208;-0.3627035;-2.2;-0.03272251;-13.16404;0.4871042;-3.010667;1.58823
9.25384;0.6167508;0.09530159;-0.7791017;3.281913;0.184734;1.7337;-1.308195;1.722354;6.024029;2.074842;1.255099;1.39259;-1.186722;0.6920242;6.190061;1.216747;-0.2739405;-1.5;0.8881579;-14.24764;0.4890589;-2.860308;1.992718
12.3696;1.781011;2.450436;2.010285;2.412609;1.963966;3.054584;-0.1572327;2.417936;12.40562;3.92302;1.960164;2.529115;0.9384908;3.205783;3.734322;2.718464;0.4067265;0.7;4.144385;-13.99276;1.567865;-1.675994;2.899309
9.12642;0.1234261;2.160261;4.102564;2.003743;2.025235;3.220711;0.5150555;1.547158;12.64263;4.558932;2.459792;3.378764;2.271195;4.264595;5.022447;2.972862;0.2519713;1.1;4.664241;-13.97081;0.08239843;-2.203578;2.82947
6.495727;2.240136;2.977946;4.082569;3.372759;3.13811;4.003478;2.195218;1.910202;15.0818;5.60059;3.347935;3.827223;4.9939;6.870497;4.332414;4.650502;0.6318625;2.3;6.513912;5.48926;1.050277;0.5475831;3.666835
7.1309;3.930903;4.992803;7.251732;4.464797;4.169992;6.168441;5.341131;4.62689;17.75088;7.441016;3.997521;4.755498;8.037289;7.788073;7.741965;6.266704;2.826253;5.7;9.390284;9.542246;4.860548;4.3352;4.87004
3.050398;3.699425;5.083108;6.095325;4.129107;5.102414;6.434984;5.472441;6.238295;12.06897;6.730769;4.620155;5.212008;8.317628;6.329288;8.047512;6.668323;3.454219;3.7;9.563543;11.07325;6.461696;4.096722;4.735363
2.050114;4.708226;5.435783;2.910882;3.451264;5.29596;5.441251;4.808829;7.79082;10.03282;6.345268;4.462912;5.264287;6.810597;4.925973;4.270769;6.01821;4.571395;3.4;7.648546;10.38548;7.029766;5.241963;4.880996
2.568218;3.533225;5.577943;3.525782;3.390577;6.469248;5.696732;4.794783;9.857121;7.863172;5.303559;4.511051;5.12353;6.631672;3.175647;4.296491;5.067782;6.359827;3.5;8.236017;11.5223;8.124231;5.331871;4.67505
-0.5;0.8325328;1.861087;-0.6890612;1.722653;3.42527;2.474427;0.3700962;4.686154;5.481799;3.04054;3.843862;4.27381;2.992848;1.150772;1.95325;5.052191;3.238571;-0.3;5.305514;8.076923;3.617756;-0.5955698;2.843417
-2.380952;0.483871;1.181207;-5.313175;1.729356;1.187618;1.356096;-0.7465472;3.972536;1.794872;2.635969;2.963841;3.462376;2.509376;0.412586;-0.6732927;4.809027;2.602765;0;-0.1757469;5.419223;0.8388256;-2.894435;2.001623
-2.327806;0.7350591;0.944757;-5.221932;1.912212;0.5412591;1.491695;-0.9402031;2.939536;2.30081;2.9;3.270477;2.81362;1.114797;1.402947;0.2906977;4.917095;0.8977803;0.1;-1.027598;5.268485;1.313609;-4.529613;1.629498
-3.693271;0.5009392;0.8698905;-6.087697;1.405451;-0.5623816;1.083475;-2.013177;2.312146;1.482702;2.48509;2.433372;2.234556;-0.3043854;1.620908;1.981132;4.585154;-0.290336;-0.6;-3.094832;3.613003;0.7621865;-6.671895;1.362621
-2.418342;1.746586;1.908888;-3.772767;1.524132;0.2067965;1.984612;-0.5162242;8.290858;0.1624036;1.737705;2.496413;1.864582;1.607669;2.192578;2.418342;3.595842;-0.2006448;1;-2.85876;4.49649;3.129666;-3.314459;2.029132
-0.1318392;2.182986;3.138604;-1.04927;1.444964;0.7397927;3.237367;0.5641218;6.060842;0.9655752;1.202861;3.626943;1.63487;1.999095;2.71013;3.970304;4.023448;0.754916;1.8;-0.4401408;5.42677;4.016637;-2.853388;2.62353
1.469148;2.664975;2.298593;2.571166;1.321962;2.055786;2.82037;1.442673;3.315409;3.206997;0.3239391;4.079886;1.997224;1.140655;2.723031;5.217391;4.19413;1.024312;2.6;-0.3856422;4.326923;2.534751;-1.749557;3.293292
2.534937;2.149533;1.942763;4.351768;-0.3359933;1.005102;1.517819;0.4856182;3.347592;4.910714;-0.03233107;3.902715;2.394956;-1.3268;1.578998;5.73543;4.021651;0.1358846;2.3;0.2929974;3.086103;4.013548;-1.195714;3.008022
5.600257;2.434457;1.748936;3.695358;-1.000834;0.6283497;1.508821;-0.2594514;-0.718476;6.32347;-0.2900419;3.107503;2.184732;-3.394741;1.820398;4.56915;4.633071;0.1816367;1;3.642191;1.65217;5.724149;0.7438642;2.8664
8.448845;2.073516;0.32543;4.379899;-1.256808;1.242525;-0.5322842;-0.5609574;-1.303468;7.692307;-0.5782204;1.777778;1.879931;-4.884994;1.232343;6.05402;3.765169;-0.8869913;-0.2;6.130268;-0.7038042;10.21935;5.02165;2.634671
7.368083;1.019778;1.03198;1.253357;-1.473064;0.2313601;-0.5331479;-1.010479;0.7727349;3.954802;-0.1614466;-0.05482456;0.8749028;-4.232046;-0.1419305;2.877257;3.070147;-1.167887;-0.4;6.759976;-1.894009;9.734564;4.429426;2.326285
6.180665;2.288385;1.622659;-0.3475239;-0.2949853;1.434865;0.1888174;-0.03717472;-0.5642279;0.4255319;-0.3234153;-0.4354927;1.10838;-2.360761;-0.6414097;-1.399825;3.347964;-0.1633942;0.9;6.339468;-1.03559;9.438134;5.632337;1.687911
2.86498;2.127095;2.180925;-0.04345937;0.126369;0.7706027;-0.30109;0.2229654;-0.3330051;2.096836;-0.9696186;-0.1900624;1.551692;-1.722414;-1.179128;-0.5571848;3.278716;-0.7100051;1.5;3.233062;-2.11427;9.969408;4.689608;1.685058
0.213025;1.589368;1.613467;-0.5300353;1.400085;-0.284315;0.09694432;-0.1880406;1.37017;1.853282;-0.6462036;-0.1091703;1.701708;-1.201353;-1.011161;-2.312646;2.602586;-1.20204;2;2.138295;-1.436116;7.843503;1.851563;1.281747
-0.3895715;2.329047;1.640624;-0.08841733;1.366937;0.3349107;0.6525285;0.2268431;2.071887;2.251553;-0.8408797;0.5485464;2.18388;0.169358;0.5796329;-1.219875;3.408534;-0.6694361;1.6;2.594142;0.610644;9.524954;3.578145;0.950054
-0.5535257;1.160862;1.280293;-0.5666957;1.183432;-0.1281588;0.9192308;0.6693938;1.929431;4.31433;0.1622323;0.9841443;2.066833;0.9272301;1.575957;-0.1183082;4.2328;-0.9348128;0.6;3.351648;0;8.296128;4.143779;1.717637
-0.06457438;1.062064;1.283387;0.08695652;2.229701;1.221054;1.276807;1.223582;3.395334;6.049291;2.088773;1.060936;1.966469;1.576559;2.753476;1.179593;3.733045;0.3861165;1.1;3.976035;1.637297;6.660899;5.06768;1.464045
1.303633;2.797438;3.259027;2.486679;3.221757;1.845688;2.386395;2.93896;5.053051;9.287339;1.593496;2.15847;2.507955;2.333543;3.151255;1.947857;4.660361;1.784911;3.5;6.090266;3.722504;8.564145;7.253809;2.722192
1.502363;2.361157;4.427013;1.460177;4.256216;2.570305;2.122405;3.319502;4.639007;13.02202;1.728637;2.755046;2.93749;1.730036;3.277802;2.710843;3.828125;1.848058;4.8;6.742795;3.81437;9.093134;7.887109;2.836504
3.422819;2.590164;4.373921;2.981149;4.928989;2.138721;0.9642136;2.659771;3.098312;13.22009;1.295756;2.490525;2.979377;0.9264643;3.572469;3.168493;2.576764;1.789264;4.6;7.496013;3.998355;10.09362;8.723578;2.93483
4.308916;3.809524;3.616266;3.779322;4.197531;1.804556;1.1286;2.820513;1.995625;11.37324;1.822251;2.611036;2.85573;0.4236472;2.382467;2.652288;3.059988;1.363567;5.3;7.962284;6.898748;11.77534;9.524952;3.619933
3.887399;3.606557;2.950961;2.859619;2.351034;2.016901;1.104847;3.147877;3.322472;10.44051;2.65685;2.567531;2.744762;0.1230533;1.719928;3.027631;2.960329;1.238168;3.2;7.278319;8.387711;13.18337;11.0263;3.546869
7.123923;6.725146;4.680379;9.332752;6.386419;2.319182;2.603537;6.535232;4.541671;12.76453;5.418403;3.769578;4.846763;2.663008;2.142216;7.096774;6.137038;3.717833;5;14.49312;12.7361;18.68698;15.57051;4.743088
7.040883;7.925855;5.816559;11.40911;7.165605;6.333355;5.012834;7.628644;6.083541;13.4377;8.122802;4.965663;5.536527;4.393916;2.641175;8.26636;6.976365;6.009298;5.7;16.64194;13.91537;20.92468;17.07167;5.240271
6.514141;6.864916;6.880212;10.12976;8.412322;8.230014;5.71066;7.338796;6.406288;13.53146;7.723705;5.849947;6.025641;6.024928;4.22017;9.710392;6.843418;7.463116;8;18.26783;11.91946;21.11244;18.17448;6.208091
6;6.64557;7.118659;9.309183;9.742575;9.454781;5.639759;6.777857;4.538497;10.58417;6.485812;6.101695;6.181674;6.828744;5.141174;9.129814;6.665803;7.785861;12.2;15.6474;9.783018;19.44134;17.18094;7.15303
3.124033;3.866058;4.521503;1.954527;5.053192;10.36304;3.91117;2.707334;4.45545;4.468275;3.923358;4.707086;3.774827;5.278217;2.867898;3.723987;3.15726;6.389353;10.4;6.874305;4.918622;12.22014;11.66753;6.295012
4.031525;2.191294;3.519111;-1.337409;3.046062;6.871061;1.937455;0.6352391;3.633242;4.629097;1.064774;3.422245;2.722309;4.013981;0.6375646;0.8483563;1.33474;5.113334;10.7;1.377995;3.077991;8.440185;8.920731;4.947922
5.698091;0.4440497;1.140767;-3.534778;0.1821494;4.436025;0.06355483;-0.9624959;2.681046;5.764411;-2.448266;2.354399;1.995163;2.105187;-3.0405;-3.26087;-0.8867481;3.18814;7.2;-4.861538;0.7759309;1.251305;3.214532;2.556562
5.021303;-0.5341246;-0.6707706;-6.127168;-1.226994;1.803293;-1.122998;-2.55899;2.059313;3.06731;-5.036603;1.081347;0.6776488;-0.4997303;-6.100929;-5.228758;-2.207903;2.136389;2.6;-5.721958;-0.7464107;-3.535698;-1.304391;0.03363991
3.869226;-1.260258;-0.5391698;-4.929577;-2.278481;-4.760247;-0.5387205;-2.335669;-0.7079769;2.053037;-7.404156;0.5130711;0.3506939;-1.212273;-5.192674;-5.253432;-2.405237;1.195595;1.7;-6.765196;-1.117828;-5.938155;-3.800623;-1.032484
2.70979;-1.419878;0.07185451;-2.36251;-1.730353;-6.150881;0.06347191;-0.564784;-1.717041;1.483924;-7.989464;0.1459854;-0.1115076;-1.602349;-4.186511;-2.6551;-2.417834;1.188683;1.8;-4.203262;-1.650202;-6.427264;-5.040186;-0.1748833
1.128987;0.4126142;1.170306;-0.0394011;-0.5818182;-5.732875;0.9738885;0.8713137;-0.9499398;-0.3422854;-6.244398;-0.31477;0.3741849;-0.9175287;-1.520504;0.7223114;-1.324419;1.200771;2.2;1.617076;0.4415928;-2.181099;-2.205047;0.5940927
2.897711;1.193317;2.569496;3.65353;1.169163;-4.494549;1.232489;1.909959;1.421259;3.472031;-3.021893;0.1458789;1.550705;1.105651;2.228164;3.558621;-0.109146;1.29941;4.2;4.3383;2.34432;1.536534;1.086013;1.454336
4.418135;1.780944;2.865469;4.938272;2.701702;3.114807;0.8765991;2.835668;1.571044;6.705784;-0.6321113;0.6806028;1.661834;1.125792;2.733532;5.071051;0.5437343;2.108258;5.4;10.91762;1.737994;6.556898;4.678413;2.505443
5.758865;3.811894;2.187603;4.08568;2.824651;6.066484;0.4193537;2.405613;2.456793;8.367181;1.017812;1.989189;2.775917;1.362427;2.445862;6.562247;1.401132;1.285726;5.7;12.0716;3.850398;9.167457;7.660991;2.868208
6.893664;4.460002;2.555653;5.045329;4.535479;6.941322;1.268521;2.524917;3.435392;9.062087;0.9878904;2.799368;2.57262;2.645787;2.169051;6.985392;2.375417;1.358643;5.7;12.00934;4.960168;10.61322;10.58774;3.706929
4.16784;4.452943;2.854948;4.039604;3.50307;6.513835;2.849053;3.012048;2.836544;6.418109;1.27186;2.282107;2.44617;2.276464;1.631386;5.48748;2.264605;1.656059;6.2;10.33179;3.681488;8.375089;8.573595;4.442763
3.816372;4.353156;3.278377;5.333333;4.972973;5.62823;3.42294;3.089701;3.722626;5.132234;1.335878;2.842829;2.446517;2.57016;2.147928;5.19756;2.166807;0.816401;4.3;4.649758;5.053101;5.728763;6.237123;4.236459
4.157725;3.281853;3.35294;7.545732;5.494113;4.533989;3.653144;3.588907;2.53397;5.347326;-0.06297229;2.554864;2.060101;2.386779;3.225717;3.269133;2.374434;1.106816;3.9;3.252824;3.931123;3.07477;4.721275;3.859423
3.446475;2.362708;2.74093;6.791745;4.128761;4.599072;3.140205;3.240441;1.78481;4.287791;0.6942253;2.404159;2.497301;1.410707;2.940232;3.028798;2.084965;1.472908;3.3;2.235272;4.231706;1.633811;1.765406;2.826534
4.893214;3.367543;2.910591;7.194519;4.466155;5.850005;2.305575;3.053931;1.57173;6.781782;0.4709576;2.643603;2.430655;1.45358;3.411477;4.848485;2.039358;1.47135;2.1;4.035021;3.872577;1.739;2.727584;2.157876
4.155567;3.874246;3.399711;6.142963;3.123927;5.65033;2.476262;3.738318;0.1526808;7.521793;1.161331;2.517753;3.273363;2.8373;3.225213;5.646585;2.805526;1.887498;3.7;5.828044;4.389121;2.822584;3.037577;2.176028
2.549575;3.239875;3.617383;4.925585;1.690903;5.8364;1.567526;3.338583;0.1869991;4.459203;1.984877;2.618972;3.728405;3.34257;2.147561;5.006135;2.829792;1.971412;3.9;5.527259;4.360547;2.090411;2.330613;1.871488
1.211509;4.335621;4.692131;5.375966;0.7728494;6.838222;1.639399;4.362837;0.6632231;3.716609;1.566907;2.85533;4.107569;3.080992;2.654342;4.313253;3.227407;2.740458;4.2;5.540115;3.554991;1.830331;2.008457;1.986952
2.242268;3.350915;3.530652;5.291193;0.1002004;5.087782;1.429532;4.508197;-0.02548818;2.296695;1.125;2.511924;3.946817;2.789737;2.432226;3.709056;3.772369;2.712548;4.1;4.061471;4.142445;1.61791;1.485132;2.08301
1.355499;2.934882;1.873017;4.068748;-0.8322237;3.630876;-0.026664;3.230817;-0.8205417;0.1158212;-0.4343779;1.479849;2.813591;0.4785014;0.538902;1.121451;1.338548;1.411904;2.8;1.526718;2.353874;-0.2952566;0.8445534;1.556388
1.305876;2.625226;0.8648387;3.883823;-1.429997;1.955029;-0.1333333;2.773545;-1.09241;-0.5222525;-1.606426;0.9337068;2.370041;0.04692475;-0.08979318;0.6543585;0.9360852;0.3504468;1.8;1.948516;1.084276;0.2087339;0.998463;1.593212
-0.5486284;1.913303;-0.4513944;1.567189;-1.100367;-0.8477907;-1.316699;0.6315789;-2.51969;-1.388578;-2.067263;-0.1542258;0.7014231;-0.4664956;-1.934544;-0.993301;-0.7214481;-0.3927684;0;-1.85401e-14;-0.5505987;-0.4090173;0.6541087;2.082613
-1.966221;1.981387;-0.8375353;1.416526;-0.5338672;0.02557109;-1.449179;0.5731524;-2.179401;-0.5727377;-2.657602;-0.4342432;-0.2652164;-0.2244932;-2.806932;-1.695309;-1.654619;0.244914;-0.9;-1.318565;-0.989404;-0.2591755;0.8980208;2.353517
-2.624274;1.336501;-1.075268;1.213347;-0.4028198;-0.5090066;-0.4467411;0.1805597;-0.9154624;-0.6941231;-2.6488;0.124108;-0.5379055;0.4120508;-0.5113804;-1.156206;0.06892669;1.2918;-1.6;-0.5370569;-0.7441328;-0.6282236;0.5221735;2.493039
-3.644026;0.8696605;-0.3496146;-1.657997;0.6747639;-1.780831;-0.1168224;-0.3262159;0.3873712;-0.7760785;-2.66876;0.7400555;-0.3040123;-0.2780663;0.05464859;-1.718133;0.04356246;1.712357;-2.9;-1.735928;-0.3441823;-2.061977;-1.072658;2.164315
-2.106319;1.136447;1.081564;-0.1641497;1.348618;-1.517962;0.2902032;1.25523;0.8366168;0.6813536;-2.425961;1.019462;0.2946889;0.431857;1.73249;0.2333178;1.160095;2.518991;-2.3;-0.1580056;0.9872261;-0.9673313;-0.665898;1.614061
-0.9771149;0.8200092;1.555903;-0.9311606;1.073465;-2.66864;0.6628979;0.659868;2.984494;0.5069125;-2.285714;1.090343;1.225259;1.27611;1.742797;0.02362391;1.692752;2.63446;-2.5;-0.03563157;1.461801;-1.618758;-1.28394;1.372583
0.1295673;0.4773909;2.542845;-1.665002;1.044826;-1.512671;0.780282;1.381796;3.033125;1.817335;-1.152369;1.518438;1.86919;1.167171;0.5427301;0.3342086;1.802453;2.45033;-2.7;-0.2105832;1.238212;-0.387805;-0.4218692;1.185158
0.591716;0.8338892;2.391627;-1.719008;-0.03351206;-1.843986;0.2606516;0.8628384;0.5760283;0.8281574;-0.7741935;-0.1251301;1.186248;1.303501;-0.3793699;-2.078904;1.692413;1.949048;-2.5;-0.2319772;0.4459645;0.03681585;0.6697275;0.7568533
0.8452869;0.3650846;2.764554;-2.367642;-0.0665336;-1.420351;0.625291;0.2066116;0.01977702;-0.2706971;-1.033258;0.1159633;1.739566;1.363333;0.3337198;-3.538175;1.724261;1.013609;-2.7;-1.301213;0.2443938;0.03628332;1.176245;0.1709942
0.9088548;0.6348146;2.138586;-0.8056395;-2.210866e-14;-0.3984467;1.079726;0.7747318;-0.01474548;0.2063274;-1.072125;0.5519876;1.828944;0.3083759;1.482979;-3.188474;1.698993;0.4704746;-2.3;0.8376403;1.271045;1.064048;1.417264;-0.1047824
1.371636;1.101469;1.671266;1.219099;0.5003335;-0.9015627;0.252542;1.274074;-1.451196;0.4576659;-2.46114;0.2315018;1.360409;0.8311999;0.5191147;-2.307875;0.4977341;0.8002431;-1.8;0.8783796;1.722347;3.173584;1.673408;-0.008662409
3.503836;1.885544;2.076005;4.204507;2.346631;-1.516321;1.293204;3.097345;1.340733;1.59708;-2.56827;2.967656;3.139489;1.830603;2.124701;1.905911;1.345782;1.787178;0.3;3.934895;2.94098;5.933298;3.607732;0.6367839
3.454407;1.818783;0.04845908;4.513304;2.063915;-1.241733;0.6643749;2.179676;0.3104403;2.445148;-2.544861;1.694915;2.54012;2.32497;1.415958;2.968147;1.023562;1.740338;2;5.754498;1.894376;5.607496;2.197432;1.400673
4.632012;2.589641;1.21108;5.685279;3.717225;-0.6644744;0.8333884;2.868125;-0.7799713;3.134294;-1.871921;1.033678;2.648423;3.484182;0.5974996;4.635277;0.4668416;2.431883;2.6;5.832449;1.626364;6.283063;3.724598;1.758087
3.86341833333333;2.09798933333333;1.729141;4.80103;2.709257;-1.1408428;0.930322433333333;2.71504866666667;0.290400666666667;2.392174;-2.32835066666667;1.89874966666667;2.77601066666667;2.546585;1.3793862;3.16977833333333;0.9453952;1.98646633333333;1.63333333333333;5.17394733333333;2.15390666666667;5.94128566666667;3.17658733333333;1.2651813
10.06408;1.576597;1.986544;3.511303;3.132875;2.732307;1.461752;1.548233;2.89622;9.858247;4.331271;2.352582;2.896705;1.884457;1.822963;15.53504;2.919424;0.804213;0.8;3.158845;8.414263;3.266872;0.8319472;4.08719
9.885651;2.111587;2.318959;3.650336;3.20198;2.779943;1.423246;1.105409;2.676672;9.164174;5.213716;2.490887;2.842319;2.173122;2.503508;15.79512;3.177286;0.8570361;0.6;3.071876;9.340542;3.078882;0.8311946;3.94478
10.60329;2.858183;3.012919;3.902903;2.725199;3.254649;1.903914;1.376327;2.95886;9.829495;6.214953;2.630783;3.333011;2.496369;3.363301;8.846444;3.626445;0.8483536;0.8;4.441133;8.666022;2.496372;0.8912021;4.028871
9.078014;2.828739;2.854446;4.032258;2.561281;3.395826;1.913168;1.730921;4.0599;10.34579;6.567993;2.673476;3.523415;2.880231;3.705584;8.516959;3.99856;1.08552;1;5.383023;9.213303;1.78643;1.374622;3.762173
6.678082;2.780696;2.184087;4.042751;2.3917;2.819898;1.306284;1.720094;3.316133;10.27027;5.337591;2.895522;2.884982;3.951217;4.793112;7.146215;3.790073;1.518388;0.9;5.89093;8.613514;1.114551;0.06458181;3.532578
6.512252;3.082184;2.946764;4.958295;2.542764;3.124374;2.050618;2.538071;3.685659;10.51368;5.491071;3.052756;2.998778;4.391742;4.597336;7.735063;4.13741;2.724322;1.5;6.712963;9.347149;2.346864;1.395851;4.020849
4.826446;2.609017;2.525762;5.405406;2.396744;2.531141;1.776798;2.017067;3.771161;8.68137;4.619446;2.799057;2.74823;4.277743;4.158239;7.758024;3.642653;2.83687;1.5;6.050228;8.353498;3.27386;1.924368;3.608904
3.706112;2.136527;2.220183;4.240766;2.023252;1.850203;1.404832;1.6628;2.73799;7.126437;4.079861;2.399064;2.037174;4.001931;3.947849;6.684919;2.806834;2.537414;1;4.378333;7.259929;3.217641;2.088616;3.185167
3.563403;1.965924;2.735005;3.841001;2.503237;1.964133;2.15183;1.998463;3.959987;6.194296;4.807276;2.407891;2.217972;3.775055;3.362306;4.348118;2.503826;2.670672;1.5;4.323878;8.051424;3.306797;2.574593;3.018653
2.048534;1.785135;1.343232;2.428256;2.258202;1.388619;1.624719;1.294745;3.509493;5.473501;4.570461;2.272074;1.916641;3.350241;3.40978;2.80657;3.425639;1.980346;0.9;4.175705;7.60053;1.969389;0.4571715;2.567147
1.166824;1.715766;1.265985;0.7822686;2.30179;1.347718;1.774398;1.21673;3.468675;4.576857;4.289319;2.407567;1.958225;3.210464;3.62887;2.476144;2.385915;1.841147;1;2.798708;7.233712;0.9652827;-0.8349035;2.527516
0.8777429;1.776486;1.257001;0.6124234;2.634934;1.589923;2.145484;1.179156;3.586004;4.849785;4.795663;2.771429;2.204596;2.826885;3.991832;2.905615;3.938795;2.151523;1.5;3.011562;7.06553;1.536868;-1.035407;2.733979
0.3099814;1.767352;1.570992;-0.3870968;2.736842;1.610617;2.366263;1.130369;3.849895;4.657994;4.917356;2.719547;2.47465;2.427934;3.943116;7.609365;3.753196;2.985148;1.5;2.428722;6.317656;1.907636;-1.673198;2.96721
0.3088326;1.179847;1.376244;0.0862069;2.291667;0.8651789;1.912854;0.7894737;3.669188;3.912685;3.763659;2.699662;1.970149;2.004372;3.524072;7.935049;2.859397;1.862604;1.3;0.7548152;5.589779;2.888961;-0.7217214;2.398063
0.7169576;1.273075;1.68518;-0.04312203;1.833333;0.5753924;1.93227;1.051841;3.414734;4.706854;3.145161;2.742793;1.899771;2.061389;2.854656;9.129902;2.90876;1.585693;1.4;1.151832;5.459978;3.47656;-0.9248633;2.300327
1.398384;1.205966;1.722755;0.8260869;1.449275;0.4653683;2.184437;1.165413;3.197224;5.362259;2.188619;2.529886;1.861961;1.879283;2.579376;9.531059;2.655507;1.28578;1.3;1.018011;4.840947;3.499544;-1.210775;2.021753
1.57602;1.357752;1.32514;2.374784;0.942623;-0.06974385;1.800087;0.9687034;2.717078;6.816359;1.614809;2.289024;1.976087;1.213701;2.190672;8.330948;2.192952;0.05274578;1.3;0.4381443;3.695251;4.330813;-1.207324;1.771569
3.232759;1.985503;2.259816;2.583979;1.099796;-0.1772489;2.390643;1.864976;2.888842;7.332541;1.794072;2.327492;2.344848;1.431286;2.477077;8.146466;3.201556;0.4059443;1.4;3.177474;3.742437;5.793464;0.4811931;2.41578
4.425874;2.168447;2.234591;3.106126;1.186579;0.4004704;2.285804;1.821561;2.827032;6.979495;2.619234;2.233724;2.229625;1.132836;2.408609;7.439641;3.308958;0.5587666;1.3;3.985507;3.584614;7.365216;2.411365;2.437889
4.29053;2.728128;2.565273;2.97542;1.387755;0.5964656;2.090756;2.006689;3.156792;5.866356;2.764797;1.979393;2.349363;1.276733;2.382892;6.310814;3.438606;0.4773926;1.4;4.599483;3.354244;7.255095;3.013331;2.782822
3.742014;2.902315;2.632122;1.602699;1.218027;0.5016214;1.721519;1.623616;3.337482;3.566066;2.209302;1.914263;2.201794;1.629713;2.128078;2.774842;3.259171;0.264788;1.7;4.567616;2.624005;6.65749;3.15146;2.493365
2.296451;2.485614;2.716392;1.553317;1.692184;0.8201852;1.701914;1.244965;3.312491;3.72969;2.298851;1.846401;2.344726;1.530673;1.838874;2.519685;3.220084;0.2957733;2;3.505258;2.232775;6.527022;2.352686;2.395514
1.541197;2.216843;3.136426;1.841004;2.264456;0.6574125;1.88025;1.642935;3.870502;3.649097;2.552381;2.025047;2.726536;1.753966;2.527497;2.09041;3.436043;0.5245925;2.4;4.280737;2.490779;6.468414;2.198132;2.819511
1.204819;1.60558;2.638715;2.428811;2.093398;0.5167236;1.67977;1.675774;3.659271;3.302752;2.65252;2.153682;2.672867;1.83727;2.60964;3.451883;3.55367;0.7263807;2.1;3.977273;2.460878;7.328771;2.939479;2.680995
0.9729411;1.138266;2.234996;2.864259;2.08584;0.8695652;1.784278;1.706609;3.260813;2.537151;3.185438;2.142857;2.943232;1.112607;3.187418;4.319877;4.016371;0.7815114;1.9;4.392638;2.144507;6.979452;3.30405;2.733753
1.227742;1.633878;2.004295;2.852418;2.020602;1.566145;1.912496;1.844485;3.213315;2.634389;3.857678;2.233316;3.081802;1.315221;3.716461;4.633896;3.945086;1.52207;2.3;4.426705;2.921522;6.333041;3.57904;3.01704
1.68375;1.56406;1.48901;2.958094;1.897983;1.766078;1.694274;1.472701;3.434086;4.125178;4.23477;2.167668;2.699968;1.17919;3.016608;4.914257;3.53332;1.590528;2.4;4.439141;2.563688;6.564416;3.90989;2.758369
1.253118;1.428571;1.447104;1.471791;1.695584;2.06117;1.312564;1.28986;2.882436;6.394316;4.429679;1.821968;1.953;0.8005311;2.520732;4.069767;2.593062;1.542772;2.7;4.490378;2.200282;6.285578;4.151925;2.029162
2.016807;1.655081;1.749695;1.49314;1.886051;2.354111;1.162397;1.785077;2.678163;8.518911;5.034914;1.735302;2.136326;1.574186;2.416091;2.809958;2.423083;1.945742;2.9;5.19511;2.402293;7.648752;4.323307;2.245459
2.433333;1.902887;1.450292;2.451768;1.592233;2.46063;1.172879;2.059659;2.594989;8.602151;4.97656;1.593421;2.011517;1.790281;2.540579;2.495718;2.387358;1.810813;2.6;5.675238;3.072172;8.603302;4.834901;2.338369
1.960133;1.933159;1.331315;2.593775;1.12534;2.48854;1.268129;2.265487;2.657652;7.650273;4.739843;1.635992;1.939222;1.289348;2.174776;2.464016;2.365617;1.941236;1.8;6.42139;3.650844;10.3186;5.879821;2.136148
3.41852;3.177203;2.759639;4.875101;2.171384;2.736156;2.345408;3.077467;3.637471;7.111853;4.8427;2.351738;3.158557;1.801418;2.682683;3.254797;3.959123;3.142282;2.1;9.049568;5.47297;13.65042;7.845517;3.271418
4.184514;3.321394;3.829508;7.435388;3.046664;3.822481;2.948832;2.946335;4.255458;6.905538;4.723583;3.05499;3.299711;2.139635;2.929925;4.027811;4.382096;3.236837;2.4;11.0838;6.584394;16.39961;10.63294;3.566237
4.262935;3.605924;5.057259;6.786975;3.516819;4.066603;3.304873;2.887961;4.751791;6.771;4.637582;3.566911;3.920507;2.306989;2.87045;4.487945;4.601336;3.794206;3.4;11.39851;6.610332;17.70265;12.06404;3.97891
4.626915;3.728705;5.58854;6.612213;4.182655;4.56869;3.249972;3.080651;4.729803;6.313452;4.389248;3.973843;4.287979;3.16896;3.055714;5.071429;4.905376;4.283747;4.8;10.84389;6.124002;15.75601;11.72871;4.692898
3.594352;2.222222;3.491187;4.648482;2.922201;3.804693;1.760576;1.612903;2.902373;4.239401;2.528658;2.797203;2.11622;2.328944;1.511677;4.798871;2.453281;2.448302;3.9;8.23603;3.353396;12.02796;9.340961;2.483197
3.447185;1.103057;1.618966;2.109549;1.758982;1.622465;0.6248871;0.8177172;1.547903;3.016453;-1.470097;1.482213;0.6623269;1.95516;-0.01118548;2.926942;0.4671906;0.7897524;3;3.138201;1.8089;9.21086;8.66414;1.155106
4.088639;0.2796768;-0.2962909;1.396032;1.218611;0.2153846;-0.2066263;0.2705445;0.6600264;3.58959;-4.497702;0.8549096;-0.1004539;1.611223;-1.103378;1.919123;-0.6753835;-0.5808025;2.1;-0.3148367;0.698948;4.740148;5.234932;0.1823176
4.01744;0.03098853;-1.218893;0.1094491;0.9944751;-0.7638252;-0.4232466;-0.2350571;0.685633;5.013429;-6.12777;0.1209482;-0.1445944;0.2815962;-1.512949;1.200997;-1.068739;-1.41659;1.5;-1.046106;-0.2401434;1.599326;2.781976;-0.4241791
3.624535;0.621118;-0.2777676;0.4772393;1.253687;-1.038485;0.3646113;0.4052685;1.951038;5.203349;-5.754686;0.6559767;1.064187;0.9259948;-0.700973;0.4489338;0.1432567;-0.7415079;2.1;-1.964939;1.12132;-1.064432;1.359517;1.105156
3.210027;1.402743;0.9888661;0.6524103;2.096359;0.161687;1.324575;0.8110848;3.030641;6.004141;-3.39098;1.290166;1.970147;0.884792;0.2959071;0.5373936;1.092811;0.6840817;3.3;0.2730642;1.380714;-3.750206;-0.271618;2.036906
2.188905;1.952278;2.175588;1.268116;2.188982;0.93255;1.613594;1.112985;5.163374;5.342189;-1.306291;1.404698;2.208484;0.9704471;0.9855484;1.120825;1.589849;0.9275776;3.5;3.138571;2.046512;-2.140266;0.668364;1.8679
2.035928;1.796778;2.600073;1.931487;2.370533;1.070455;1.543023;1.110737;5.533818;3.8079;0.2083333;1.618749;2.357702;1.559209;1.946226;1.074787;1.953183;1.12544;3.1;3.249804;2.08745;-0.1390176;1.830111;1.600003
2.899851;2.098765;2.994319;2.046036;2.585579;2.578813;1.641913;1.379078;5.099494;4.320637;0.8722959;1.786145;2.553019;1.687608;2.38307;1.094972;2.551329;1.890374;3.4;5.24661;1.68479;1.810526;3.078794;1.836888
3.969194;2.873387;3.376369;1.764494;2.701729;3.222988;1.796153;1.877305;4.694943;4.21317;2.246402;2.338573;3.488072;1.864152;3.731102;3.318485;3.485055;2.612267;4.1;5.368605;1.716723;3.970046;3.261567;2.299593
4.489437;3.314093;3.479354;1.753131;3.034631;3.348453;2.065767;2.001334;3.517975;4.029605;2.821317;2.671364;3.614633;2.118091;3.761715;3.879406;3.492227;3.254242;4.4;5.244019;1.731996;4.762168;4.760789;2.966755
4.078639;3.53983;3.636624;1.78763;2.707517;3.830739;2.138661;2.197071;2.377854;3.39447;2.425503;2.805849;3.170342;2.870448;3.204563;3.965441;3.065365;3.316662;4.7;5.252181;1.295136;4.540204;4.511681;3.167437
4.416037;3.413986;3.633193;2.36305;2.591409;3.265818;2.442358;2.22296;2.780465;4.087193;2.732619;3.300166;3.372122;2.507519;3.914378;4.509284;2.753589;2.66366;4.6;4.088872;2.465966;4.20654;3.981886;3.019503
4.045584;2.585078;3.557271;3.644727;2.700807;3.076773;2.314332;2.138861;2.028525;5.595716;2.197048;3.250164;2.8717;2.478475;3.418267;3.815477;1.956914;1.762453;3.5;4.375115;2.512244;3.426109;3.561152;2.749029
3.79107;2.222938;2.748187;3.375527;2.182952;2.997935;1.999862;1.863963;1.532223;5.480896;1.761518;3.284553;2.549585;2.205569;2.804199;3.499787;1.966253;1.115818;2.8;3.909802;2.446926;2.295316;2.735203;2.161889
3.665069;2.349533;2.642122;3.266596;2.462713;2.782335;1.976788;2.019544;1.323688;6.142441;1.759134;3.168445;2.658041;2.291696;2.909171;3.643725;2.758609;0.6219477;2.4;3.729058;2.849003;1.744796;3.173575;2.045206
2.754591;2.784891;2.424201;2.868136;2.249135;2.383082;1.53241;2.012334;1.133616;5.39267;1.077441;2.471117;2.575541;2.845629;1.979726;3.468697;3.090117;0.07003693;2.7;3.730942;2.581708;1.589364;2.901077;2.011193
1.341731;2.488038;1.25343;1.809491;1.161202;1.680407;1.061261;1.546392;0.01774266;2.941176;0.9405442;1.90779;2.123091;2.963406;0.2019057;2.180233;2.620591;-0.05634881;2.8;3.519632;2.347563;0.3752576;2.12174;1.71395
0.5952381;2.143082;1.259667;1.530612;0.847745;1.503901;0.8065333;1.508828;-0.4757368;1.798651;0.5326232;1.164987;1.810637;2.748723;0.622687;1.628866;1.723623;-0.2761408;2.7;3.377669;1.547467;-0.1086063;1.268938;1.529791
1.223824;1.823899;1.13732;1.258503;0.507786;1.342555;0.9388403;1.628353;-1.029238;1.471689;0.3656915;1.128173;1.698746;2.772784;0.3420319;1.29523;1.207932;0.09027284;2.7;2.778743;2.104588;-0.09031147;0.4275967;1.727
0.8123477;1.557147;0.8045861;1.156069;0.642978;1.388456;0.6502038;1.336303;-2.183686;0.7451565;0.1998668;0.6890072;1.311498;1.557022;-0.06834839;0.5110384;0.1280642;0.06574622;2.1;1.469825;1.094378;-0.2920444;0.3923993;1.474874
0.7565523;1.587302;1.000368;0.1676727;0.6076975;1.323351;0.7270035;1.205584;-1.321924;0.02463054;0.09983361;0.49922;1.075086;1.095937;-0.1312086;-0.08128429;0.01164388;-0.3478575;1.7;0.6150692;0.5104611;0.3919468;0.1735102;1.56276
0.3227542;1.758716;0.416889;0.1675042;0.6052455;0.9229249;0.6293519;1.075269;-1.467163;-0.1717791;0.3311258;0.4357299;0.8892182;0.9875541;-0.3330654;-0.06086427;0.21972;0.008487524;1.7;-0.01692907;0.6327437;0.6690975;0.09014153;2.063657
-0.2418055;1.667696;0.07984829;0.6046355;0.5725834;1.10243;0.3981398;0.8482563;-0.6054241;-0.07374632;0.2981119;-0.06197707;0.6364922;0.9183879;-0.5355517;-0.121778;-0.3296216;-0.1665889;1.5;-0.5576208;-0.2448304;0.8339103;0.1294288;1.838625
-0.6177813;1.41061;-0.1330274;0.4369748;0.4707465;0.8185875;0.277815;0.5023548;-1.844241;-0.6903353;0;0.0933126;-0.08048829;0.903645;-0.1115571;-0.04067521;-0.5030528;-0.213005;0.9;-0.4601227;-0.09600424;0.5871028;0.02235975;1.437099
-1.206758;0.8520326;-0.4803233;0.1004352;0.2684564;-0.1217277;-0.2405854;0.03134796;-2.377871;-1.058853;-0.5651596;-0.2483701;-0.006710734;0.1621019;-0.09518415;-0.4067521;-1.018555;0.01067498;0.1;-0.899983;-0.3976077;-0.008193998;-1.565343;0.5875532
-0.7506703;1.020134;0.4915474;0.6688963;0.6016043;-0.1234855;0.2129075;0.4693367;-2.136545;0.245821;-0.3630363;0.06197707;0.5308316;0.8807769;0.7181352;-0.1015022;-0.2538029;-0.2026224;0;-0.0507958;-0.6551009;0.7796112;-0.6778548;0.5449127
-0.7541072;0.9353611;0.8078189;0.3672788;0.6028131;-0.3374604;0.08331112;0.1246106;-1.806183;0.04920049;-0.1321004;0.1860465;0.5588462;0.7333578;0.7669029;-0.3048161;-0.4113165;-0.06058223;0;-0.4757859;-0.4576963;-0.1351009;-0.9252724;0.527357
-0.7837838;0.7786667;1.431949;0.1004016;0.334672;-0.2485911;0.09346107;0.3124024;-0.6104165;0.5213506;-0.09973405;0.155376;0.8156005;0.6205139;0.5580761;-0.4883011;-0.3221937;0.06584327;0.1;-0.5444273;-0.5898337;0.05709914;-0.3695289;0.7256917
-1.004343;0.9747899;1.790767;0.4682274;0.3012048;-0.03339456;-0.04019427;0.2507051;-0.921155;0.3484321;-0.1003009;-0.09492686;0.2483138;0.5832968;0.5441401;-0.5309373;-0.6580185;0.6511042;0.3;-0.4283756;-0.7212345;-0.445006;0.9833877;0.9856583
-1.026472;0.5645965;2.131738;0.2657807;0.1328904;0.3098244;-0.006639224;0.09342884;-0.9464353;-0.04904365;0.1324942;-0.3902137;0.01992561;0.003319722;0.4514003;-0.6909165;-0.9458496;0.8142613;0.4;-0.6945621;-0.2418981;-0.6983548;0.7432699;0.8442537
-0.8683854;0.6993007;2.100646;0.5322688;0.1664447;0.4334345;0.2796924;0.4667082;-0.9870058;0.0491763;0.1322751;-0.01934386;0.1663893;0.006618353;0.6546628;-0.7541786;-0.1838584;1.033713;0.7;0.4439133;0.1565988;0.2240142;0.7080369;1.000007
0.2451648;1.328021;1.871368;1.47108;0.4002669;0.7157362;0.5002168;1.121146;-0.44929;1.234873;-0.1331115;0.128762;0.7291008;0.6800227;0.779086;-0.1022286;0.9743468;1.435925;1.2;1.287613;0.5833333;1.493771;1.187162;1.553641
2.029065;2.030626;2.632353;2.430093;0.9676343;0.9654251;1.23312;1.875586;1.403455;2.604167;0.502008;1.339585;1.737239;1.52856;1.417384;0.9238349;2.743216;1.478308;2.1;2.994321;1.804359;3.184985;2.801463;2.380694
1.883188;1.948481;1.912498;2.220013;0.8294625;0.7705081;0.8863953;1.680149;1.283432;2.080471;0.2315581;1.504011;1.709941;1.248174;1.445206;0.9617352;1.998054;1.77775;2.7;3.13886;1.398439;3.095221;3.499683;2.146013
1.998358;2.149471;1.895934;2.547982;1.528747;0.6805431;0.8699406;1.734283;0.9657387;2.418285;0.1321004;1.131448;1.880399;1.389762;1.142737;1.540357;1.653436;2.154691;2.8;3.72259;1.194278;2.88567;4.361862;2.174243
1.97020366666667;2.04285933333333;2.069032;2.39936266666667;1.1086146;0.8054921;0.9964853;1.76333933333333;1.2175419;2.367641;0.2885555;1.32501466666667;1.77585966666667;1.388832;1.335109;1.1419757;2.13156866666667;1.803583;2.53333333333333;3.285257;1.465692;3.055292;3.554336;2.23365
